# reading	word	score
あ	吾	2500
あ	吾れ	2500
あ	我	2500
あ	我れ	2500
あい	愛	2500
あい	藍	2500
あいかわらず	相不変	2500
あいけん	愛犬	2500
あいこう	愛好	2500
あいこく	愛国	2500
あいことば	合い詞	2500
あいことば	合言葉	2500
あいご	愛護	2500
あいさつ	挨拶	2500
あいしょう	合い性	2500
あいしょう	合性	2500
あいしょう	愛称	2500
あいしょう	相性	2500
あいじょう	愛情	2500
あいじん	愛人	2500
あいする	愛する	2500
あいず	合図	2500
あいず	相図	2500
あいそ	愛想	2500
あいそう	愛想	2500
あいたい	相対	2500
あいだ	間	2500
あいだじゅう	間中	2500
あいちゃく	愛着	2500
あいつぐ	相次ぐ	2500
あいつぐ	相継ぐ	2500
あいて	相手	2500
あいてかた	相手方	2500
あいてがた	相手方	2500
あいとう	哀悼	2500
あいどく	愛読	2500
あいのり	合乗り	2500
あいのり	相乗り	2500
あいま	合い間	2500
あいま	合間	2500
あいよう	愛用	2500
あう	合う	2500
あえん	亜鉛	2500
あお	碧	2500
あお	蒼	2500
あお	青	2500
あおうめ	青梅	2500
あおき	青木	2500
あおじゃしん	青写真	2500
あおぞら	青空	2500
あおば	青葉	2500
あおやぎ	青やぎ	2500
あおやぎ	青柳	2500
あおやなぎ	青やぎ	2500
あおやなぎ	青柳	2500
あおやま	青山	2500
あか	赤金	2500
あか	銅	2500
あかい	丹い	2500
あかい	朱い	2500
あかい	紅い	2500
あかい	緋い	2500
あかいろ	赤色	2500
あかがね	赤金	2500
あかがね	銅	2500
あかし	証	2500
あかし	証し	2500
あかしんごう	赤信号	2500
あかじ	赤字	2500
あかつき	暁	2500
あかつき	曉	2500
あかとき	暁	2500
あかとき	曉	2500
あかはた	赤旗	2500
あかまつ	赤松	2500
あかり	明り	2500
あかり	灯	2500
あかり	灯り	2500
あかり	灯火	2500
あかるい	明い	2500
あかるい	明るい	2500
あかんぼ	赤んぼ	2500
あかんぼ	赤ん坊	2500
あかんぼう	赤んぼ	2500
あかんぼう	赤ん坊	2500
あがり	上がり	2500
あがり	揚がり	2500
あがる	上がる	2500
あがる	上る	2500
あがる	上ル	2500
あがる	騰がる	2500
あき	安芸	2500
あき	明き	2500
あき	秋	2500
あき	空き	2500
あきいえ	あき家	2500
あきいえ	明き家	2500
あきいえ	空家	2500
あきいえ	空屋	2500
あきうど	商人	2500
あきかん	あき缶	2500
あきかん	空き缶	2500
あきかん	空缶	2500
あきぐち	秋口	2500
あきち	あき地	2500
あきち	明き地	2500
あきち	空き地	2500
あきち	空地	2500
あきない	商い	2500
あきびと	商人	2500
あきや	あき家	2500
あきや	明き家	2500
あきや	空家	2500
あきや	空屋	2500
あきゅうど	商人	2500
あきらか	明らか	2500
あきんど	商人	2500
あく	悪	2500
あく	惡	2500
あくしつ	悪質	2500
あくしゅ	握手	2500
あくしゅう	悪臭	2500
あくじゅんかん	悪循環	2500
あくせい	悪性	2500
あくてんこう	悪天候	2500
あくとく	悪徳	2500
あくにん	悪人	2500
あくま	悪魔	2500
あくむ	悪夢	2500
あくやく	悪役	2500
あけ	朱	2500
あけがた	明け方	2500
あけがた	明方	2500
あけぼの	曙	2500
あげ	上げ	2500
あげ	揚げ	2500
あさ	朝	2500
あさ	苧	2500
あさ	麻	2500
あさがた	朝方	2500
あさぬの	麻布	2500
あさひ	旭	2500
あさひ	朝日	2500
あさゆう	朝夕	2500
あざ	字	2500
あざやか	彩やか	2500
あざやか	鮮か	2500
あざやか	鮮やか	2500
あし	肢	2500
あし	脚	2500
あし	足	2500
あしあと	足あと	2500
あしあと	足跡	2500
あしおと	足音	2500
あしおと	跫	2500
あしおと	跫音	2500
あしがかり	足掛り	2500
あしくび	足頸	2500
あしくび	足首	2500
あしこし	足腰	2500
あした	明日	2500
あしどり	脚取り	2500
あしどり	足どり	2500
あしどり	足取り	2500
あしなみ	足並	2500
あしなみ	足並み	2500
あしば	足場	2500
あしばや	足早	2500
あしばや	足速	2500
あしぶみ	足ふみ	2500
あしぶみ	足ぶみ	2500
あしぶみ	足踏み	2500
あしもと	足もと	2500
あしもと	足下	2500
あしもと	足元	2500
あしもと	足許	2500
あじ	味	2500
あじつけ	味つけ	2500
あじつけ	味付け	2500
あじつけ	味着け	2500
あじのもと	味の素	2500
あじわい	味わい	2500
あす	明日	2500
あずかり	預かり	2500
あずかり	預り	2500
あずかりしょう	預り証	2500
あずかる	預かる	2500
あずき	小豆	2500
あずける	預ける	2500
あせ	汗	2500
こうかん	交換	2500
こうかん	公館	2500
こうかん	好感	2500
こうかん	高官	2500
こうほ	候補	2500
しょうち	承知	2500
しょうち	招致	2500
しよう	仕様	2500
しよう	仕樣	2500
しよう	使用	2500
じしょ	辞書	2500
せってい	設定	2500
つ	使う	2450
つ	遣う	2400
つ	使い	2350
つ	疲れ	2300
つうち	通知	2500
つか	冢	2500
つか	塚	2500
つか	使う	2450
つか	遣う	2400
つか	使い	2350
つかい	使い	2500
つかう	使う	2500
つかう	遣う	2500
つかれ	疲れ	2500
どうき	同期	2500
にほんご	日本語	2500
にゅうりょく	入力	2500
へんかん	変換	2500
