# reading	name	score
あ	阿	920
ああい	阿合	920
あい	会	920
あい	愛	920
あい	曾	920
あい	會	920
あいあう	相合	920
あいあに	合谷	920
あいい	合井	920
あいい	相井	920
あいいそ	会磯	920
あいいそ	合磯	920
あいいそ	愛磯	920
あいいそ	相磯	920
あいうち	会内	920
あいうち	合内	920
あいうち	愛内	920
あいうち	藍内	920
あいうら	会浦	920
あいうら	合浦	920
あいうら	愛浦	920
あいうら	相浦	920
あいえ	合江	920
あいえ	相江	920
あいえ	藍家	920
あいえだ	相枝	920
あいお	会尾	920
あいお	合尾	920
あいお	愛尾	920
あいお	相尾	920
あいおい	会生	920
あいおい	藍生	920
あいおか	藍岡	920
あいか	会賀	920
あいか	合賀	920
あいか	愛禾	920
あいか	愛賀	920
あいかご	愛篭	920
あいかさ	相笠	920
あいかた	相方	920
あいかべ	相壁	920
あいかわ	会川	920
あいかわ	哀川	920
あいかわ	愛河	920
あいかわ	曾川	920
あいが	会賀	920
あいが	合賀	920
あいが	愛賀	920
あいが	藍賀	920
あいがい	愛貝	920
あいがい	相貝	920
あいがき	合柿	920
あいがき	愛垣	920
あいがき	相垣	920
あいがさ	相笠	920
あいがせ	鮎瀬	920
あいがた	相方	920
あいがみ	愛上	920
あいがみ	相上	920
あいがみ	相神	920
あいがめ	会亀	920
あいがら	足柄	920
あいがわ	会川	920
あいがわ	合川	920
あいがわ	愛川	920
あいがわ	相川	920
あいき	会希	920
あいき	会木	920
あいき	合希	920
あいき	合木	920
あいきょう	愛敬	920
あいきょう	相京	920
あいきょう	相亰	920
あいきょう	藍京	920
あいきよ	愛清	920
あいきよう	愛敬	920
あいきよう	相京	920
あいきよう	相亰	920
あいぎ	会木	920
あいぎ	合木	920
あいぎ	愛木	920
あいぎ	相木	920
あいくち	相口	920
あいくら	相倉	920
あいくら	相蔵	920
あいぐち	合口	920
あいぐち	藍口	920
あいぐん	合群	920
あいけい	愛敬	920
あいこ	相古	920
あいこ	相子	920
あいこう	会甲	920
あいこう	合甲	920
あいこう	相光	920
あいこう	相甲	920
あいこえ	愛甲	920
あいこお	愛甲	920
あいこし	相越	920
あいごう	藍郷	920
あいごう	鮎合	920
あいごし	相越	920
あいさ	相佐	920
あいさか	会坂	920
あいさか	合坂	920
あいさか	合阪	920
あいさか	愛坂	920
あいさき	会崎	920
あいさき	合	920
あいさき	合崎	920
あいさき	四十	920
あいさく	会作	920
あいさく	合作	920
あいさく	愛作	920
あいさく	相作	920
あいさと	相里	920
あいさわ	会澤	920
あいさわ	合沢	920
あいさわ	合澤	920
あいさわ	愛沢	920
あいざ	相座	920
あいざい	愛菜	920
あいざか	会坂	920
あいざか	合坂	920
あいざか	合阪	920
あいざか	愛坂	920
あいざき	会崎	920
あいざき	合崎	920
あいざき	愛咲	920
あいざき	愛崎	920
あいざく	会作	920
あいざく	合作	920
あいざく	愛作	920
あいざく	相作	920
あいざり	相去	920
あいざわ	会沢	920
あいざわ	会澤	920
あいざわ	合沢	920
あいざわ	合澤	920
あおい	葵	1000
あかり	朱莉	1000
あかり	明里	950
あきら	明	1000
あきら	晃	950
あやか	彩花	1000
あやか	綾香	950
いとう	伊藤	1000
いのうえ	井上	1000
えみ	恵美	1000
えみ	絵美	950
おおつき	大即	920
おおつき	大属	920
おおつき	大彬	920
おおつき	大朏	920
かずき	和樹	1000
かずき	一輝	930
かとう	加藤	1000
きむら	木村	1000
けいこ	恵子	1000
けいこ	慶子	930
けんた	健太	1000
こうき	光希	1000
こばやし	小林	1000
さくら	桜	1000
さくら	咲良	950
ささき	佐々木	1000
さとう	佐藤	1000
しみず	清水	1000
しょうた	翔太	1000
すずき	鈴木	1000
そうた	颯太	1000
そうた	蒼太	950
たかはし	高橋	1000
たくみ	匠	1000
たくみ	拓海	950
たなか	田中	1000
だいき	大輝	1000
だいき	大樹	950
なおき	直樹	1000
なかむら	中村	1000
ななみ	七海	1000
はやし	林	1000
はるか	遥	1000
はるか	春香	950
はると	陽翔	1000
はると	悠人	960
はると	晴斗	920
はると	遥斗	880
ひなた	陽向	1000
ひなた	日向	960
ひまり	陽葵	1000
まい	舞	1000
まい	麻衣	950
まつもと	松本	1000
みお	美桜	1000
みお	澪	960
みつき	美月	980
みつき	光希	930
みづき	美月	1000
みづき	瑞希	950
みなと	湊	1000
めい	芽依	1000
やまぐち	山口	1000
やまざき	山崎	1000
やまだ	山田	1000
やまもと	山本	1000
ゆい	結衣	1000
ゆい	由衣	930
ゆうと	悠斗	1000
ゆうと	優人	950
よしだ	吉田	1000
りく	陸	1000
りょう	涼	1000
りょう	亮	950
りん	凛	1000
りん	鈴	930
れん	蓮	1000
れん	練	920
れん	連	920
れん	廉	900
わたなべ	渡辺	1000
