# reading	place_or_station	score	kind
あいおいえき	相老駅	980	station
あいかまちえき	秋鹿町駅	980	station
あいかわえき	合川駅	980	station
あいかわえき	相川駅	980	station
あいかんうめつぼえき	愛環梅坪駅	980	station
あいがえき	相賀駅	980	station
あいこういしだえき	愛甲石田駅	980	station
あいざんえき	愛山駅	980	station
あいだいいがくぶみなみぐちえき	愛大医学部南口駅	980	station
あいちだいがくまええき	愛知大学前駅	980	station
あいちみとえき	愛知御津駅	980	station
あいづあらかいえき	会津荒海駅	980	station
あいづおおしおえき	会津大塩駅	980	station
あいづかわぐちえき	会津川口駅	980	station
あいづがもうえき	会津蒲生駅	980	station
あいづきえき	相月駅	980	station
あいづこうげんおぜぐちえき	会津高原尾瀬口駅	980	station
あいづこすがわえき	会津越川駅	980	station
あいづさかもとえき	会津坂本駅	980	station
あいづさんそんどうじょうえき	会津山村道場駅	980	station
あいづしおざわえき	会津塩沢駅	980	station
あいづしもごうえき	会津下郷駅	980	station
あいづたかだえき	会津高田駅	980	station
あいづたじまえき	会津田島駅	980	station
あいづとよかわえき	会津豊川駅	980	station
あいづなかがわえき	会津中川駅	980	station
あいづながのえき	会津長野駅	980	station
あいづにしかたえき	会津西方駅	980	station
あいづばんげえき	会津坂下駅	980	station
あいづひのはらえき	会津桧原駅	980	station
あいづほんごうえき	会津本郷駅	980	station
あいづまえき	逢妻駅	980	station
あいづみずぬまえき	会津水沼駅	980	station
あいづみやしたえき	会津宮下駅	980	station
あいづやないづえき	会津柳津駅	980	station
あいづよこたえき	会津横田駅	980	station
あいづわかまつえき	会津若松駅	980	station
あいなえき	藍那駅	980	station
あいのうらえき	相浦駅	980	station
あいのえき	相野駅	980	station
あいのきえき	相ノ木駅	980	station
あいのさときょいくだいまええき	あいの里教育大駅	980	station
あいのさとこうえんえき	あいの里公園駅	980	station
あいのないえき	相内駅	980	station
あいののえき	相野々駅	980	station
あいはらえき	相原駅	980	station
あいべつえき	愛別駅	980	station
あいもとえき	愛本駅	980	station
あいもとえき	藍本駅	980	station
あいらえき	姶良駅	980	station
あい・ちきゅうはくきねんこうえんえき	愛・地球博記念公園駅	980	station
あおいえき	青井駅	980	station
あおいだけえき	青井岳駅	980	station
あおうづえき	粟生津駅	980	station
あおえき	粟生駅	980	station
あおくらえき	青倉駅	980	station
あおざさえき	青笹駅	980	station
あおしまえき	青島駅	980	station
あおつかえき	青塚駅	980	station
あおとえき	青砥駅	980	station
あおぬまえき	青沼駅	980	station
あおのがはらえき	青野ヶ原駅	980	station
あおのごうえき	青郷駅	980	station
あおのやまえき	青野山駅	980	station
あおはらえき	青原駅	980	station
あおばえき	青葉駅	980	station
あおばだいえき	青葉台駅	980	station
あおばどおりえき	あおば通駅	980	station
あおべえき	青部駅	980	station
あおほりえき	青堀駅	980	station
あおものよこちょうえき	青物横丁駅	980	station
あおもりえき	青森駅	980	station
あおやえき	青谷駅	980	station
あおやぎえき	青柳駅	980	station
あおやぎちょうえき	青柳町駅	980	station
あおやまいっちょうめえき	青山一丁目駅	980	station
あおやまちょうえき	青山町駅	980	station
あかいえき	赤井駅	980	station
あかいがわえき	赤井川駅	980	station
あかいわえき	赤岩駅	980	station
あかいわぐちえき	赤岩口駅	980	station
あかえき	赤駅	980	station
あかおかえき	あかおか駅	980	station
あかがわえき	赤川駅	980	station
あかぎえき	赤城駅	980	station
あかぎえき	赤木駅	980	station
あかくらおんせんえき	赤倉温泉駅	980	station
あかさかうええき	赤坂上駅	980	station
あかさかたえき	赤坂田駅	980	station
あかさかみつけえき	赤坂見附駅	980	station
あかさきえき	赤崎駅	980	station
あかさきえき	赤碕駅	980	station
あかしえき	明石駅	980	station
あかしなえき	明科駅	980	station
あかせえき	赤瀬駅	980	station
あかつかえき	明塚駅	980	station
あかつかえき	赤塚駅	980	station
あかつきがくえんまええき	暁学園前駅	980	station
あかどしょうがっこうまええき	赤土小学校前駅	980	station
あかのえき	赤野駅	980	station
あかばねいわぶちえき	赤羽岩淵駅	980	station
あかばねえき	赤羽駅	980	station
あかばねばしえき	赤羽橋駅	980	station
あかびらえき	赤平駅	980	station
あかぶちえき	赤渕駅	980	station
あかほりえき	赤堀駅	980	station
あかぼしえき	赤星駅	980	station
あかまえき	赤間駅	980	station
あかみずえき	赤水駅	980	station
あかみねえき	赤嶺駅	980	station
あかめぐちえき	赤目口駅	980	station
あかゆえき	赤湯駅	980	station
あがたえき	県駅	980	station
あがのえき	吾野駅	980	station
あがほえき	英賀保駅	980	station
あがわえき	阿川駅	980	station
あきあがえき	安芸阿賀駅	980	station
あきえき	安芸駅	980	station
あきかわじりえき	安芸川尻駅	980	station
あきがわえき	秋川駅	980	station
あきさいざきえき	安芸幸崎駅	980	station
あきしまえき	昭島駅	980	station
あきたえき	秋田駅	980	station
あきたかもつえき	秋田貨物駅	980	station
あきたきたこうえき	秋田北港駅	980	station
あきたこうえき	秋田港駅	980	station
あきたしらかみえき	あきた白神駅	980	station
あきつえき	安芸津駅	980	station
あきつえき	秋津駅	980	station
あきなかのえき	安芸中野駅	980	station
あきながつかえき	安芸長束駅	980	station
あきながはまえき	安芸長浜駅	980	station
あきはばら	秋葉原	1000	place
あきはばらえき	秋葉原駅	980	station
あきやぐちえき	安芸矢口駅	980	station
あきやまえき	秋山駅	980	station
あぎえき	阿木駅	980	station
あくいえき	鮎喰駅	980	station
あくねえき	阿久根駅	980	station
あくらがわえき	阿倉川駅	980	station
あぐいえき	阿久比駅	980	station
あけとえき	明戸駅	980	station
あけのえき	明野駅	980	station
あけぼのちょうえき	曙町駅	980	station
あけぼのちょうひがしまちえき	曙町東町駅	980	station
あけぼのばしえき	曙橋駅	980	station
あげえき	上ゲ駅	980	station
あげおえき	上尾駅	980	station
あげきえき	阿下喜駅	980	station
あげまつえき	上松駅	980	station
あこがしまえき	安子ヶ島駅	980	station
あこぎえき	阿漕駅	980	station
あさえき	厚狭駅	980	station
あさかえき	朝霞駅	980	station
あさかえき	浅香駅	980	station
あさかだいえき	朝霞台駅	980	station
あさかながもりえき	安積永盛駅	980	station
あさかやまえき	浅香山駅	980	station
あさかわえき	浅川駅	980	station
あさがやえき	阿佐ケ谷駅	980	station
あさぎしえき	浅岸駅	980	station
あさぎりえき	朝霧駅	980	station
あさくさえき	浅草駅	980	station
あさくさばしえき	浅草橋駅	980	station
あさくらえきまええき	朝倉駅前駅	980	station
あさくらがいどうえき	朝倉街道駅	980	station
あさくらじんじゃまええき	朝倉神社前駅	980	station
あさしおばしえき	朝潮橋駅	980	station
あさじえき	朝地駅	980	station
あさとえき	安里駅	980	station
あさないえき	浅内駅	980	station
あさなまちえき	朝菜町駅	980	station
あさなみえき	浅海駅	980	station
あさのえき	浅野駅	980	station
あさひえき	朝日駅	980	station
あさひえき	朝陽駅	980	station
あさひえきまえどおりえき	旭駅前通駅	980	station
あさひおおつかえき	朝日大塚駅	980	station
あさひかわえき	旭川駅	980	station
あさひかわよじょうえき	旭川四条駅	980	station
あさひがおかえき	朝日ヶ丘駅	980	station
あさひどおりえき	朝日通駅	980	station
あさひのえき	朝日野駅	980	station
あさひばしえき	旭橋駅	980	station
あさひまええき	旭前駅	980	station
あさひまちいっちょうめえき	旭町一丁目駅	980	station
あさひまちさんちょうめえき	旭町三丁目駅	980	station
あさぶえき	麻生駅	980	station
あさまえき	朝熊駅	980	station
あさむしおんせんえき	浅虫温泉駅	980	station
あさりえき	朝里駅	980	station
あさりえき	浅利駅	980	station
あざぶじゅうばんえき	麻布十番駅	980	station
あざみえき	阿左美駅	980	station
あざみのえき	あざみ野駅	980	station
あざむいえき	浅海井駅	980	station
あしおえき	足尾駅	980	station
あしかがえき	足利駅	980	station
あしかがしえき	足利市駅	980	station
いけぶくろ	池袋	1000	place
うえの	上野	1000	place
おおさか	大阪	1000	place
おおつか	大塚	1000	place
おおつき	大月	1000	place
おおつき	大月市	970	place
おおつき	大月駅	950	station
おおつき	大月町	900	place
おおつき	猿橋駅	860	station
おおつき	鳥沢駅	840	station
おおつき	初狩駅	820	station
おおつき	梁川駅	800	station
かごしま	鹿児島	1000	place
かなざわ	金沢	1000	place
かわさき	川崎	1000	place
きょうと	京都	1000	place
くまもと	熊本	1000	place
こうべ	神戸	1000	place
さいたま	埼玉	1000	place
さっぽろ	札幌	1000	place
しずおか	静岡	1000	place
しながわ	品川	1000	place
しぶや	渋谷	1000	place
しぶや	渋谷区	980	place
しぶや	渋谷駅	960	station
しんじゅく	新宿	1000	place
しんじゅく	新宿区	980	place
しんじゅく	新宿駅	960	station
せんだい	仙台	1000	place
ちば	千葉	1000	place
とうきょう	東京	1000	place
ながさき	長崎	1000	place
ながの	長野	1000	place
なごや	名古屋	1000	place
なは	那覇	1000	place
なら	奈良	1000	place
にいがた	新潟	1000	place
はままつ	浜松	1000	place
ひろしま	広島	1000	place
ふくおか	福岡	1000	place
よこはま	横浜	1000	place
