# query	translation	score
a bit	些し	1000
a bit	寡し	1000
a bit	小々	1000
a bit	少々	1000
a bit	少し	1000
a bit	少少	1000
a cent	一文	1000
a family	一家	1000
a few	一二	1000
a few days ago	先日	1000
a few words	ひと言	1000
a few words	一言	1000
a help	手助け	1000
a home	一家	1000
a household	一家	1000
a kind	一種	1000
a lifetime	一生	1000
a liking for sake	辛口	1000
a little	些し	1000
a little	多少	1000
a little	寡し	1000
a little	小々	1000
a little	少々	1000
a little	少し	1000
a long time	永年	1000
a long time	長年	1000
a long time ago	前々	1000
a long time ago	前前	1000
a lot	大分	1000
a minute	一克	1000
a minute	一刻	1000
a minute	一剋	1000
a moment	一克	1000
a moment	一刻	1000
a moment	一剋	1000
a number of	若干	1000
a penny	一文	1000
a second time	二度	1000
a second time	再び	1000
a second time	再度	1000
a small amount	些し	1000
a small amount	寡し	1000
a small amount	小々	1000
a small amount	少々	1000
a small amount	少し	1000
a small amount	少少	1000
a sort	一種	1000
a third country	第三国	1000
a time	回	1000
a variety	一種	1000
a variety of	種々	1000
a variety of	種種	1000
a-bomb	原爆	1000
abandoned child	遺児	1000
abandoning	取り下げ	1000
abandoning	取下	1000
abandoning	取下げ	1000
abandonment	廃棄	1000
abandonment	投棄	1000
abandonment	抛棄	1000
abandonment	放棄	1000
abandonment	置去り	1000
abandonment	遺棄	1000
abatement	減額	1000
abatement	軽減	1000
abbe	神父	1000
abbot	住職	1000
abbreviation	略称	1000
abdomen	下っ腹	1000
abdomen	肚	1000
abdomen	腹	1000
abdomen	腹部	1000
abdominal pain	腹痛	1000
abdominal region	腹部	1000
abduction	誘かい	1000
abduction	誘拐	1000
abhorrence	憎悪	1000
ability	伎能	1000
ability	力倆	1000
ability	力量	1000
ability	性能	1000
ability	才	1000
ability	腕	1000
abjuration	宣誓	1000
able	有能	1000
able-bodied person	健常者	1000
abnormal	変わった	1000
abnormal	異常	1000
abnormal heartbeat	不整脈	1000
abnormality	異状	1000
abode	居住	1000
abolishing	打破	1000
abolition	取消	1000
abolition	取消し	1000
abolition	廃止	1000
abolition	廃絶	1000
abolition	徹廃	1000
abolition	撤廃	1000
aboriginal	先住	1000
abortion	中絶	1000
about	就いて	1000
about-face	一変	1000
about-face	転向	1000
above	上記	1000
above all	何より	1000
above and below	上下	1000
above anything else	何より	1000
above ground	地上	1000
above one's head	頭上	1000
above-mentioned	上記	1000
above-mentioned	前記	1000
above-named	上記	1000
abroad	国外	1000
abroad	在外	1000
abroad	海外	1000
abrupt	唐突	1000
abrupt	急	1000
abrupt	急劇	1000
abrupt	急激	1000
abrupt	突然	1000
absconding	失跡	1000
absence	不在	1000
absence	欠場	1000
absence	欠如	1000
absence	欠席	1000
absence	留主	1000
absence	留守	1000
absence of permission	無断	1000
absentee ballot	不在者投票	1000
absentee voting	不在者投票	1000
absolute	絶対的	1000
absolute secrecy	極秘	1000
absolute void	真空	1000
absolutely	一向に	1000
absolutely	断じて	1000
absolutely	絶対	1000
absorption	吸収	1000
abstaining from smoking	禁烟	1000
abstaining from smoking	禁煙	1000
abstract	抽象的	1000
abstraction	抽出	1000
abstraction	抽象	1000
abstruse	難解	1000
abundant	豊	1000
abundant	豊か	1000
abundant	豊富	1000
abundant harvest	豊作	1000
abura-age	揚げ	1000
abuse	らん用	1000
abuse	乱用	1000
abuse	濫用	1000
abuse	虐待	1000
abyss	淵	1000
abyss	渕	1000
abyss	潭	1000
academia	学界	1000
academic	几上	1000
academic	学者	1000
academic	机上	1000
academic background	学歴	1000
academic circles	学界	1000
academic credentials	学歴	1000
academic record	学歴	1000
academic world	学界	1000
academic year	学年	1000
academic year	年度	1000
academy	学会	1000
academy	学園	1000
academy	学院	1000
academy	學園	1000
academy	學院	1000
academy of arts	芸術院	1000
acceleration	促進	1000
acceleration	加速	1000
acceleration	拍車	1000
acceptable	可	1000
acceptance	受入	1000
acceptance	受理	1000
acceptance	受諾	1000
acceptance	受領	1000
acceptance	容認	1000
acceptance	引受	1000
accepted explanation	定説	1000
accepted opinion	定説	1000
accepting	引き取り	1000
accepting	引取	1000
accepting	引取り	1000
accepting a bribe	収賄	1000
accepting an order	受注	1000
accepting an order	受註	1000
access	参入	1000
accession	登錄	1000
accession	登録	1000
accession	継承	1000
accession to the throne	即位	1000
accessories	小もの	1000
accessories	小物	1000
accessories	部品	1000
accessory	付帯	1000
accessory	附帯	1000
accident	事変	1000
accident	事故	1000
accident	偶然	1000
accident	遇然	1000
accident at sea	海難	1000
accidental	偶発	1000
accidental homicide	過失致死	1000
accidentally	誤って	1000
accidentally	過って	1000
accommodation	便宜	1000
accommodation	収容	1000
accommodation	和解	1000
accommodation	宿泊	1000
accommodation	宿舎	1000
accommodation	適応	1000
accompaniment	伴奏	1000
accompanying	同伴	1000
accomplished	既成	1000
accomplishment	大成	1000
accomplishment	完成	1000
accomplishment	芸	1000
accomplishment	藝	1000
accomplishment	遂行	1000
accomplishment	達成	1000
accomplishments	実績	1000
accomplishments	芸能	1000
accord	一致	1000
accord	調和	1000
according to one's abilities	応分	1000
accordingly	従って	1000
account	会計	1000
account	払い	1000
account	記述	1000
account book	台帳	1000
account book	帳簿	1000
accountant	主計	1000
accounting	会計	1000
accounting	経理	1000
accretion	癒着	1000
accumulate	蓄積	1000
accumulated	累積	1000
accumulated total	累計	1000
accumulating	収集	1000
accumulating	拾集	1000
accumulating	蒐集	1000
accumulation	つみ重ね	1000
accumulation	積み重ね	1000
accumulation	積重ね	1000
accumulation	累積	1000
accumulation	蓄積	1000
accumulation	集積	1000
accuracy	精度	1000
accurate	正確	1000
accurate	的確	1000
accurate	適確	1000
accusation	公訴	1000
accusation	告愬	1000
accusation	告訴	1000
accusation	弾劾	1000
accused	被告人	1000
accuser	原告	1000
ace up one's sleeve	切り札	1000
ace up one's sleeve	切札	1000
ache	傷み	1000
ache	痛み	1000
achievement	功績	1000
achievement	奏功	1000
achievement	成功	1000
achievement	業績	1000
achievement	達成	1000
achievements	実績	1000
acid	酸	1000
acidic	酸性	1000
acidity	酸性	1000
acknowledgement	了承	1000
acknowledgement	承認	1000
acknowledgement	認知	1000
acknowledgement	諒承	1000
acknowledgement	領承	1000
acknowledgment	了承	1000
acknowledgment	承認	1000
acknowledgment	認定	1000
acknowledgment	認知	1000
acknowledgment	諒承	1000
acknowledgment	領承	1000
acquaintance	交友	1000
acquaintance	知人	1000
acquaintance	知合い	1000
acquaintance	近づき	1000
acquaintance	近付き	1000
acquaintance	面識	1000
acquisition	入手	1000
acquisition	獲得	1000
acquittal	釈放	1000
across	越し	1000
across the street	向い	1000
across the street	向かい	1000
across the street	対い	1000
across-the-board	一律	1000
across-the-board	一率	1000
act	仕業	1000
act	法令	1000
act	法律	1000
act	為業	1000
act	興行	1000
act	行い	1000
act of god	天災	1000
act of violence	暴行	1000
acting	演技	1000
acting as agent	代行	1000
acting as guide	手びき	1000
acting as guide	手引	1000
acting as guide	手引き	1000
acting in concert	呼応	1000
acting rashly	暴走	1000
acting together	共演	1000
action	仕業	1000
action	仕種	1000
action	仕草	1000
action	作用	1000
action	動作	1000
action	営み	1000
active	主体的	1000
active	活性	1000
active	活溌	1000
active	活潑	1000
active	活発	1000
active	積極	1000
active duty	現役	1000
active participation	活躍	1000
check	チェック	1000
check	確認する	980
check	点検する	960
check	照合する	940
check	検査する	920
check	確認	900
japan	日本	1000
schedule	一覧表	1000
schedule	予定	1000
schedule	定刻	1000
schedule	日程	1000
schedule	計画	1000
translation	翻訳	1000
translation	飜訳	1000
いちらんひょう	schedule	1000
おうて	check	1000
けいかく	schedule	1000
けんもん	check	1000
こぎって	check	1000
ていこく	schedule	1000
にってい	schedule	1000
にほん	Japan	1000
にほん	Japanese	900
ふだ	check	1000
ふみた	check	1000
ふんだ	check	1000
ほんやく	translation	1000
ぼうし	check	1000
よくあつ	check	1000
よてい	schedule	1000
